phone_id,phone_number
PHONE000001,+1-438-863-7940
PHONE000002,695-993-1034x1316
PHONE000003,505.964.1395
PHONE000004,801-922-6916
PHONE000005,(578)571-3315x098
PHONE000006,311.265.6670
PHONE000007,+1-880-213-2677x3602
PHONE000008,291-336-1939
PHONE000009,353.246.2475
PHONE000010,484.925.1354
PHONE000011,+1-680-584-1241x1824
PHONE000012,840.216.4005x2427
PHONE000013,(886)592-3226x025
PHONE000014,(894)301-9655
PHONE000015,646.856.4823x66299
PHONE000016,932.800.3791
PHONE000017,+1-495-979-8687
PHONE000018,001-831-266-5876x036
PHONE000019,(946)268-8937x346
PHONE000020,427.319.3745
PHONE000021,296-763-1931x4919
PHONE000022,701.843.6349x578
PHONE000023,643-313-5182x3374
PHONE000024,001-682-940-0842x710
PHONE000025,(577)649-6499x0913
PHONE000026,649.436.1832
PHONE000027,999.604.9027
PHONE000028,2719545168
PHONE000029,310.993.2480x8613
PHONE000030,784-804-4997x27875
PHONE000031,702.862.1745x961
PHONE000032,8504455623
PHONE000033,(617)559-4647
PHONE000034,794.421.0470
PHONE000035,871-223-6851
PHONE000036,617.946.1200
PHONE000037,+1-317-796-4053x7735
PHONE000038,493.435.2904
PHONE000039,577-258-9178
PHONE000040,001-885-369-8478
PHONE000041,+1-771-311-1615x28098
PHONE000042,001-636-289-9809
PHONE000043,(645)999-1022x901
PHONE000044,(990)803-4324x4510
PHONE000045,+1-875-616-1369x681
PHONE000046,(943)929-2127
PHONE000047,8059411998
PHONE000048,(703)777-8892
PHONE000049,(346)829-1486x528
PHONE000050,988.205.9296x22292
PHONE000051,386.623.9240x75818
PHONE000052,(485)236-1530x5152
PHONE000053,+1-671-817-9808x932
PHONE000054,2517531952
PHONE000055,5546868740
PHONE000056,775.384.1616x9284
PHONE000057,902.713.5569x092
PHONE000058,368.914.4739x47312
PHONE000059,470.358.9578
PHONE000060,7186242253
PHONE000061,909-643-9690
PHONE000062,556-425-8815x37147
PHONE000063,(687)233-9500x4797
PHONE000064,+1-891-221-6558x52398
PHONE000065,(551)269-4097x499
PHONE000066,(836)789-7028x38578
PHONE000067,001-875-775-8441x986
PHONE000068,3834301657
PHONE000069,2262206724
PHONE000070,001-774-320-5493x2966
PHONE000071,774-526-8414
PHONE000072,+1-983-398-2258
PHONE000073,6658180170
PHONE000074,(812)886-8230x047
PHONE000075,6675383028
PHONE000076,(987)505-6856x62462
PHONE000077,383-504-6990
PHONE000078,+1-754-967-8544
PHONE000079,(493)978-5477x7252
PHONE000080,275.609.9770x08860
PHONE000081,001-234-410-1666x870
PHONE000082,(450)539-2614
PHONE000083,001-499-865-0477x35866
PHONE000084,226-378-8861
PHONE000085,(362)424-4472
PHONE000086,(457)856-9245x9375
PHONE000087,837.841.6724x342
PHONE000088,501-943-8889
PHONE000089,373-287-5717x75140
PHONE000090,+1-666-309-3796x6033
PHONE000091,(557)692-4991x251
PHONE000092,(557)890-5072
PHONE000093,001-778-281-9148
PHONE000094,595.296.2923
PHONE000095,001-767-929-4667x11684
PHONE000096,001-229-375-0017
PHONE000097,2372129387
PHONE000098,001-922-518-9092x75326
PHONE000099,276.713.7918
PHONE000100,(761)888-9241x41832
PHONE000101,001-620-327-5884x252
PHONE000102,001-225-224-1913
PHONE000103,265.441.9518
PHONE000104,001-883-620-6038x5050
PHONE000105,291-882-6199
PHONE000106,+1-453-674-7411
PHONE000107,488.531.7121x003
PHONE000108,(270)566-2532x4472
PHONE000109,659.285.6420x5930
PHONE000110,001-555-990-5992
PHONE000111,325-700-2921x85156
PHONE000112,(390)529-5939x1725
PHONE000113,665.286.1793x2710
PHONE000114,+1-662-601-5336x884
PHONE000115,9329417146
PHONE000116,+1-558-969-3806x86879
PHONE000117,251-816-8685x487
PHONE000118,899.770.2462x9960
PHONE000119,+1-813-924-7546x91373
PHONE000120,2535457861
PHONE000121,6726290349
PHONE000122,571-454-5444
PHONE000123,001-435-438-7584
PHONE000124,001-347-917-0999
PHONE000125,3074432927
PHONE000126,635.442.1689
PHONE000127,(215)306-4890
PHONE000128,(318)949-9261x89141
PHONE000129,619-572-1811
PHONE000130,894.915.5216x674
